SURV_ID,SURV_DATE,START_TIME,STOP_TIME,SURV_PER1,SURV_PER2,SURV_PER3,SURV_PER4,SURV_PER5,SURV_PER6,SEGMENTS,SURV_TYPE
TXDEMO-00120171205,2017-12-05 09:00:00,2017-12-05 09:00:00,2017-12-05 17:00:00,PERSON 1 - RP REP,PERSON 2 - FOSC REP,PERSON 3 - SOSC REP,,,,TXDEMO-001,Foot
TXDEMO-00220171205,2017-12-05 09:00:00,2017-12-05 09:00:00,2017-12-05 17:00:00,PERSON 1 - RP REP,PERSON 2 - FOSC REP,PERSON 3 - SOSC REP,,,,TXDEMO-002,Foot
TXDEMO-00520171205,2017-12-05 09:00:00,2017-12-05 09:00:00,2017-12-05 17:00:00,PERSON 1 - RP REP,PERSON 2 - FOSC REP,PERSON 3 - SOSC REP,,,,TXDEMO-005,Foot
TXDEMO-00120171206,2017-12-06 09:00:00,2017-12-06 09:00:00,2017-12-06 17:00:00,PERSON 1 - RP REP,PERSON 2 - FOSC REP,PERSON 3 - SOSC REP,,,,TXDEMO-001,Foot
TXDEMO-00220171206,2017-12-06 09:00:00,2017-12-06 09:00:00,2017-12-06 17:00:00,PERSON 1 - RP REP,PERSON 2 - FOSC REP,PERSON 3 - SOSC REP,,,,TXDEMO-002,Foot
TXDEMO-00320171206,2017-12-06 09:00:00,2017-12-06 09:00:00,2017-12-06 17:00:00,PERSON 1 - RP REP,PERSON 2 - FOSC REP,PERSON 3 - SOSC REP,,,,TXDEMO-003,Foot
TXDEMO-00420171206,2017-12-06 09:00:00,2017-12-06 09:00:00,2017-12-06 17:00:00,PERSON 1 - RP REP,PERSON 2 - FOSC REP,PERSON 3 - SOSC REP,,,,TXDEMO-004,Boat
TXDEMO-00520171206,2017-12-06 09:00:00,2017-12-06 09:00:00,2017-12-06 17:00:00,PERSON 1 - RP REP,PERSON 2 - FOSC REP,PERSON 3 - SOSC REP,,,,TXDEMO-005,Foot
TXDEMO-00620171206,2017-12-06 09:00:00,2017-12-06 09:00:00,2017-12-06 17:00:00,PERSON 1 - RP REP,PERSON 2 - FOSC REP,PERSON 3 - SOSC REP,,,,TXDEMO-006,Foot
TXDEMO-00120171207,2017-12-07 09:00:00,2017-12-07 09:00:00,2017-12-07 16:00:00,PERSON 1 - RP REP,PERSON 2 - FOSC REP,PERSON 3 - SOSC REP,,,,TXDEMO-001,Foot
TXDEMO-00220171207,2017-12-07 09:00:00,2017-12-07 09:00:00,2017-12-07 16:00:00,PERSON 1 - RP REP,PERSON 2 - FOSC REP,PERSON 3 - SOSC REP,,,,TXDEMO-002,Foot
TXDEMO-00320171207,2017-12-07 09:00:00,2017-12-07 09:00:00,2017-12-07 16:00:00,PERSON 1 - RP REP,PERSON 2 - FOSC REP,PERSON 3 - SOSC REP,,,,TXDEMO-003,Foot
TXDEMO-00420171207,2017-12-07 09:00:00,2017-12-07 09:00:00,2017-12-07 16:00:00,PERSON 1 - RP REP,PERSON 2 - FOSC REP,PERSON 3 - SOSC REP,,,,TXDEMO-004,Boat
TXDEMO-00520171207,2017-12-07 09:00:00,2017-12-07 09:00:00,2017-12-07 16:00:00,PERSON 1 - RP REP,PERSON 2 - FOSC REP,PERSON 3 - SOSC REP,,,,TXDEMO-005,Foot
TXDEMO-00620171207,2017-12-07 09:00:00,2017-12-07 09:00:00,2017-12-07 16:00:00,PERSON 1 - RP REP,PERSON 2 - FOSC REP,PERSON 3 - SOSC REP,,,,TXDEMO-006,Foot
TXDEMO-00720171207,2017-12-07 09:00:00,2017-12-07 09:00:00,2017-12-07 16:00:00,PERSON 1 - RP REP,PERSON 2 - FOSC REP,PERSON 3 - SOSC REP,,,,TXDEMO-007,Foot
TXDEMO-00820171207,2017-12-07 09:00:00,2017-12-07 09:00:00,2017-12-07 16:00:00,PERSON 1 - RP REP,PERSON 2 - FOSC REP,PERSON 3 - SOSC REP,,,,TXDEMO-008,Foot
TXDEMO-00920171207,2017-12-07 09:00:00,2017-12-07 09:00:00,2017-12-07 16:00:00,PERSON 1 - RP REP,PERSON 2 - FOSC REP,PERSON 3 - SOSC REP,,,,TXDEMO-009,Foot
TXDEMO-01020171207,2017-12-07 09:00:00,2017-12-07 09:00:00,2017-12-07 16:00:00,PERSON 1 - RP REP,PERSON 2 - FOSC REP,PERSON 3 - SOSC REP,,,,TXDEMO-010,Foot
TXDEMO-00120171208,2017-12-08 09:00:00,2017-12-08 09:00:00,2017-12-08 15:00:00,PERSON 1 - RP REP,PERSON 2 - FOSC REP,PERSON 3 - SOSC REP,,,,TXDEMO-001,Foot
TXDEMO-00420171208,2017-12-08 09:00:00,2017-12-08 09:00:00,2017-12-08 15:00:00,PERSON 1 - RP REP,PERSON 2 - FOSC REP,PERSON 3 - SOSC REP,,,,TXDEMO-004,Boat
