{
  "displayFieldName" : "",
  "fieldAliases" : {
    "FID" : "FID",
    "PIT_ID" : "PIT_ID"
  },
  "geometryType" : "esriGeometryPoint",
  "spatialReference" : {
    "wkid" : 4326,
    "latestWkid" : 4326
  },
  "fields" : [
    {
      "name" : "FID",
      "type" : "esriFieldTypeOID",
      "alias" : "FID"
    },
    {
      "name" : "PIT_ID",
      "type" : "esriFieldTypeString",
      "alias" : "PIT_ID",
      "length" : 50
    }
  ],
  "features" : [
    {
      "attributes" : {
        "FID" : 0,
        "PIT_ID" : "TXDEMO-00120171205A1"
      },
      "geometry" : {
        "x" : -94.736755370999958,
        "y" : 29.325145721000069
      }
    },
    {
      "attributes" : {
        "FID" : 1,
        "PIT_ID" : "TXDEMO-00120171205A2"
      },
      "geometry" : {
        "x" : -94.732421874999943,
        "y" : 29.327629089000027
      }
    },
    {
      "attributes" : {
        "FID" : 2,
        "PIT_ID" : "TXDEMO-00620171206B3"
      },
      "geometry" : {
        "x" : -94.726104735999968,
        "y" : 29.331741333000025
      }
    },
    {
      "attributes" : {
        "FID" : 3,
        "PIT_ID" : "TXDEMO-00620171206C4"
      },
      "geometry" : {
        "x" : -94.72537994399994,
        "y" : 29.331796646000043
      }
    },
    {
      "attributes" : {
        "FID" : 4,
        "PIT_ID" : "TXDEMO-00620171206D5"
      },
      "geometry" : {
        "x" : -94.727180480999948,
        "y" : 29.333801270000038
      }
    },
    {
      "attributes" : {
        "FID" : 5,
        "PIT_ID" : "TXDEMO-00620171206I6"
      },
      "geometry" : {
        "x" : -94.733963012999936,
        "y" : 29.336631775000058
      }
    },
    {
      "attributes" : {
        "FID" : 6,
        "PIT_ID" : "TXDEMO-00620171206O7"
      },
      "geometry" : {
        "x" : -94.742668151999965,
        "y" : 29.33432960500005
      }
    },
    {
      "attributes" : {
        "FID" : 7,
        "PIT_ID" : "TXDEMO-00520171205M7"
      },
      "geometry" : {
        "x" : -94.723163728999964,
        "y" : 29.381529360000059
      }
    },
    {
      "attributes" : {
        "FID" : 8,
        "PIT_ID" : "TXDEMO-00520171205A1"
      },
      "geometry" : {
        "x" : -94.728210023999964,
        "y" : 29.371985015000064
      }
    },
    {
      "attributes" : {
        "FID" : 9,
        "PIT_ID" : "TXDEMO-00520171205A2"
      },
      "geometry" : {
        "x" : -94.728210023999964,
        "y" : 29.372820434000062
      }
    },
    {
      "attributes" : {
        "FID" : 10,
        "PIT_ID" : "TXDEMO-00520171205A3"
      },
      "geometry" : {
        "x" : -94.727628982999988,
        "y" : 29.374234439000077
      }
    },
    {
      "attributes" : {
        "FID" : 11,
        "PIT_ID" : "TXDEMO-00820171207A1"
      },
      "geometry" : {
        "x" : -94.75286102299998,
        "y" : 29.368732452000074
      }
    },
    {
      "attributes" : {
        "FID" : 12,
        "PIT_ID" : "TXDEMO-00120171205A3"
      },
      "geometry" : {
        "x" : -94.729660033999949,
        "y" : 29.329175949000046
      }
    },
    {
      "attributes" : {
        "FID" : 13,
        "PIT_ID" : "TXDEMO-00120171205B4"
      },
      "geometry" : {
        "x" : -94.749922384999991,
        "y" : 29.316985769000041
      }
    },
    {
      "attributes" : {
        "FID" : 14,
        "PIT_ID" : "TXDEMO-00520171206C1"
      },
      "geometry" : {
        "x" : -94.723922869999967,
        "y" : 29.380162903000041
      }
    },
    {
      "attributes" : {
        "FID" : 15,
        "PIT_ID" : "TXDEMO-00520171206C2"
      },
      "geometry" : {
        "x" : -94.723930499999938,
        "y" : 29.380153366000059
      }
    },
    {
      "attributes" : {
        "FID" : 16,
        "PIT_ID" : "TXDEMO-00520171206C3"
      },
      "geometry" : {
        "x" : -94.720059275999972,
        "y" : 29.386939353000059
      }
    },
    {
      "attributes" : {
        "FID" : 17,
        "PIT_ID" : "TXDEMO-00520171206C4"
      },
      "geometry" : {
        "x" : -94.72755462899994,
        "y" : 29.372901447000061
      }
    },
    {
      "attributes" : {
        "FID" : 18,
        "PIT_ID" : "TXDEMO-00520171207E1"
      },
      "geometry" : {
        "x" : -94.721425573999966,
        "y" : 29.384593039000038
      }
    },
    {
      "attributes" : {
        "FID" : 19,
        "PIT_ID" : "TXDEMO-00520171207E6"
      },
      "geometry" : {
        "x" : -94.729116129999966,
        "y" : 29.371195471000078
      }
    },
    {
      "attributes" : {
        "FID" : 20,
        "PIT_ID" : "TXDEMO-00520171207E7"
      },
      "geometry" : {
        "x" : -94.731308981999973,
        "y" : 29.368843402000039
      }
    },
    {
      "attributes" : {
        "FID" : 21,
        "PIT_ID" : "TXDEMO-00520171207G15"
      },
      "geometry" : {
        "x" : -94.724042947999976,
        "y" : 29.378139255000065
      }
    },
    {
      "attributes" : {
        "FID" : 22,
        "PIT_ID" : "TXDEMO-00520171207G16"
      },
      "geometry" : {
        "x" : -94.727055169999971,
        "y" : 29.375123259000077
      }
    },
    {
      "attributes" : {
        "FID" : 23,
        "PIT_ID" : "TXDEMO-00520171205G17"
      },
      "geometry" : {
        "x" : -94.726376986999981,
        "y" : 29.376333575000046
      }
    },
    {
      "attributes" : {
        "FID" : 24,
        "PIT_ID" : "TXDEMO-00520171205G18"
      },
      "geometry" : {
        "x" : -94.726119855999968,
        "y" : 29.376854565000031
      }
    },
    {
      "attributes" : {
        "FID" : 25,
        "PIT_ID" : "TXDEMO-00520171205A1"
      },
      "geometry" : {
        "x" : -94.711797924999985,
        "y" : 29.398354253000036
      }
    },
    {
      "attributes" : {
        "FID" : 26,
        "PIT_ID" : "TXDEMO-00520171207G17"
      },
      "geometry" : {
        "x" : -94.72824054199998,
        "y" : 29.372822341000074
      }
    },
    {
      "attributes" : {
        "FID" : 27,
        "PIT_ID" : "TXDEMO-00720171207A1"
      },
      "geometry" : {
        "x" : -94.748260497999979,
        "y" : 29.33435249300004
      }
    },
    {
      "attributes" : {
        "FID" : 28,
        "PIT_ID" : "TXDEMO-00620171206F1"
      },
      "geometry" : {
        "x" : -94.737808227999949,
        "y" : 29.335432053000034
      }
    },
    {
      "attributes" : {
        "FID" : 29,
        "PIT_ID" : "TXDEMO-00720171207A2"
      },
      "geometry" : {
        "x" : -94.747291564999955,
        "y" : 29.334367752000048
      }
    },
    {
      "attributes" : {
        "FID" : 30,
        "PIT_ID" : "TXDEMO-00720171207A3"
      },
      "geometry" : {
        "x" : -94.74684143099995,
        "y" : 29.334348679000072
      }
    },
    {
      "attributes" : {
        "FID" : 31,
        "PIT_ID" : "TXDEMO-00720171207A4"
      },
      "geometry" : {
        "x" : -94.74416351299999,
        "y" : 29.334182739000028
      }
    },
    {
      "attributes" : {
        "FID" : 32,
        "PIT_ID" : "TXDEMO-00620171206G7"
      },
      "geometry" : {
        "x" : -94.73509216299999,
        "y" : 29.336233139000058
      }
    },
    {
      "attributes" : {
        "FID" : 33,
        "PIT_ID" : "TXDEMO-00620171206G8"
      },
      "geometry" : {
        "x" : -94.73509216299999,
        "y" : 29.336233139000058
      }
    },
    {
      "attributes" : {
        "FID" : 34,
        "PIT_ID" : "TXDEMO-00620171206H9"
      },
      "geometry" : {
        "x" : -94.730789184999992,
        "y" : 29.336269379000044
      }
    },
    {
      "attributes" : {
        "FID" : 35,
        "PIT_ID" : "TXDEMO-00620171206H10"
      },
      "geometry" : {
        "x" : -94.730789184999992,
        "y" : 29.336269379000044
      }
    }
  ]
}