[
  {
    "PIT_ID": "TXDEMO-00120171205A1",
    "PIT_LAT": 29.325145721435547,
    "PIT_LON": -94.73675537109375,
    "PIT_TIDAL": "UI",
    "DEPTH": 30,
    "SSO_TOP": 0,
    "SSO_BOT": 0,
    "SSO_DIST": "",
    "SSO_CHAR": "NOO",
    "WATER_DEP": 0,
    "SHEEN": "",
    "CLN_BELOW": 1,
    "PIT_CAT": "NOO",
    "SURV_ID": "TXDEMO-00120171205",
    "SEG_ID": "TXDEMO-001"
  },
  {
    "PIT_ID": "TXDEMO-00120171205A2",
    "PIT_LAT": 29.32762908935547,
    "PIT_LON": -94.732421875,
    "PIT_TIDAL": "UI",
    "DEPTH": 30,
    "SSO_TOP": 0,
    "SSO_BOT": 0,
    "SSO_DIST": "",
    "SSO_CHAR": "NOO",
    "WATER_DEP": 0,
    "SHEEN": "",
    "CLN_BELOW": 1,
    "PIT_CAT": "NOO",
    "SURV_ID": "TXDEMO-00120171205",
    "SEG_ID": "TXDEMO-001"
  },
  {
    "PIT_ID": "TXDEMO-00620171206B3",
    "PIT_LAT": 29.331741333007812,
    "PIT_LON": -94.72610473632812,
    "PIT_TIDAL": "UI",
    "DEPTH": 30,
    "SSO_TOP": 0,
    "SSO_BOT": 0,
    "SSO_DIST": "",
    "SSO_CHAR": "NOO",
    "WATER_DEP": 0,
    "SHEEN": "",
    "CLN_BELOW": 1,
    "PIT_CAT": "NOO",
    "SURV_ID": "TXDEMO-00620171206",
    "SEG_ID": "TXDEMO-006"
  },
  {
    "PIT_ID": "TXDEMO-00620171206C4",
    "PIT_LAT": 29.331796646118164,
    "PIT_LON": -94.72537994384766,
    "PIT_TIDAL": "UI",
    "DEPTH": 30,
    "SSO_TOP": 0,
    "SSO_BOT": 0,
    "SSO_DIST": "",
    "SSO_CHAR": "NOO",
    "WATER_DEP": 0,
    "SHEEN": "",
    "CLN_BELOW": 1,
    "PIT_CAT": "NOO",
    "SURV_ID": "TXDEMO-00620171206",
    "SEG_ID": "TXDEMO-006"
  },
  {
    "PIT_ID": "TXDEMO-00620171206D5",
    "PIT_LAT": 29.33380126953125,
    "PIT_LON": -94.72718048095703,
    "PIT_TIDAL": "UI",
    "DEPTH": 30,
    "SSO_TOP": 0,
    "SSO_BOT": 0,
    "SSO_DIST": "",
    "SSO_CHAR": "NOO",
    "WATER_DEP": 0,
    "SHEEN": "",
    "CLN_BELOW": 1,
    "PIT_CAT": "NOO",
    "SURV_ID": "TXDEMO-00620171206",
    "SEG_ID": "TXDEMO-006"
  },
  {
    "PIT_ID": "TXDEMO-00620171206I6",
    "PIT_LAT": 29.336631774902344,
    "PIT_LON": -94.73396301269531,
    "PIT_TIDAL": "UI",
    "DEPTH": 30,
    "SSO_TOP": 0,
    "SSO_BOT": 0,
    "SSO_DIST": "",
    "SSO_CHAR": "NOO",
    "WATER_DEP": 0,
    "SHEEN": "",
    "CLN_BELOW": 1,
    "PIT_CAT": "NOO",
    "SURV_ID": "TXDEMO-00620171206",
    "SEG_ID": "TXDEMO-006"
  },
  {
    "PIT_ID": "TXDEMO-00620171206O7",
    "PIT_LAT": 29.33432960510254,
    "PIT_LON": -94.74266815185547,
    "PIT_TIDAL": "MI",
    "DEPTH": 30,
    "SSO_TOP": 0,
    "SSO_BOT": 0,
    "SSO_DIST": "",
    "SSO_CHAR": "NOO",
    "WATER_DEP": 0,
    "SHEEN": "",
    "CLN_BELOW": 1,
    "PIT_CAT": "NOO",
    "SURV_ID": "TXDEMO-00620171206",
    "SEG_ID": "TXDEMO-006"
  },
  {
    "PIT_ID": "TXDEMO-00520171205M7",
    "PIT_LAT": 29.381528854370117,
    "PIT_LON": -94.7231674194336,
    "PIT_TIDAL": "MI",
    "DEPTH": 10,
    "SSO_TOP": 2,
    "SSO_BOT": 3,
    "SSO_DIST": 50,
    "SSO_CHAR": "OP",
    "WATER_DEP": 0,
    "SHEEN": "R",
    "CLN_BELOW": 1,
    "PIT_CAT": "Moderate",
    "SURV_ID": "TXDEMO-00520171205",
    "SEG_ID": "TXDEMO-005"
  },
  {
    "PIT_ID": "TXDEMO-00520171205A1",
    "PIT_LAT": 29.371984481811523,
    "PIT_LON": -94.72821044921875,
    "PIT_TIDAL": "UI",
    "DEPTH": 15,
    "SSO_TOP": 3,
    "SSO_BOT": 4,
    "SSO_DIST": 15,
    "SSO_CHAR": "PP",
    "WATER_DEP": 0,
    "SHEEN": "S",
    "CLN_BELOW": 1,
    "PIT_CAT": "Light",
    "SURV_ID": "TXDEMO-00520171205",
    "SEG_ID": "TXDEMO-005"
  },
  {
    "PIT_ID": "TXDEMO-00520171205A2",
    "PIT_LAT": 29.372819900512695,
    "PIT_LON": -94.72821044921875,
    "PIT_TIDAL": "UI",
    "DEPTH": 10,
    "SSO_TOP": 1,
    "SSO_BOT": 5,
    "SSO_DIST": 15,
    "SSO_CHAR": "PP",
    "WATER_DEP": 0,
    "SHEEN": "S",
    "CLN_BELOW": 1,
    "PIT_CAT": "Light",
    "SURV_ID": "TXDEMO-00520171205",
    "SEG_ID": "TXDEMO-005"
  },
  {
    "PIT_ID": "TXDEMO-00520171205A3",
    "PIT_LAT": 29.374235153198242,
    "PIT_LON": -94.72763061523438,
    "PIT_TIDAL": "UI",
    "DEPTH": 15,
    "SSO_TOP": 0,
    "SSO_BOT": 5,
    "SSO_DIST": 75,
    "SSO_CHAR": "PP",
    "WATER_DEP": 0,
    "SHEEN": "S",
    "CLN_BELOW": 1,
    "PIT_CAT": "Moderate",
    "SURV_ID": "TXDEMO-00520171205",
    "SEG_ID": "TXDEMO-005"
  },
  {
    "PIT_ID": "TXDEMO-00820171207A1",
    "PIT_LAT": 29.368732452392578,
    "PIT_LON": -94.75286102294922,
    "PIT_TIDAL": "MI",
    "DEPTH": 20,
    "SSO_TOP": 0,
    "SSO_BOT": 0,
    "SSO_DIST": "",
    "SSO_CHAR": "NOO",
    "WATER_DEP": 10,
    "SHEEN": "",
    "CLN_BELOW": 1,
    "PIT_CAT": "NOO",
    "SURV_ID": "TXDEMO-00820171207",
    "SEG_ID": "TXDEMO-008"
  },
  {
    "PIT_ID": "TXDEMO-00120171205A3",
    "PIT_LAT": 29.32917594909668,
    "PIT_LON": -94.72966003417969,
    "PIT_TIDAL": "LI",
    "DEPTH": 15,
    "SSO_TOP": 0,
    "SSO_BOT": 0,
    "SSO_DIST": "",
    "SSO_CHAR": "NOO",
    "WATER_DEP": 10,
    "SHEEN": "",
    "CLN_BELOW": 1,
    "PIT_CAT": "NOO",
    "SURV_ID": "TXDEMO-00120171205",
    "SEG_ID": "TXDEMO-001"
  },
  {
    "PIT_ID": "TXDEMO-00120171205B4",
    "PIT_LAT": 29.316986083984375,
    "PIT_LON": -94.74992370605469,
    "PIT_TIDAL": "UI",
    "DEPTH": 15,
    "SSO_TOP": 0,
    "SSO_BOT": 0,
    "SSO_DIST": "",
    "SSO_CHAR": "NOO",
    "WATER_DEP": 0,
    "SHEEN": "",
    "CLN_BELOW": 1,
    "PIT_CAT": "NOO",
    "SURV_ID": "TXDEMO-00120171205",
    "SEG_ID": "TXDEMO-001"
  },
  {
    "PIT_ID": "TXDEMO-00520171206C1",
    "PIT_LAT": 29.380163192749023,
    "PIT_LON": -94.72392272949219,
    "PIT_TIDAL": "MI",
    "DEPTH": 30,
    "SSO_TOP": 2,
    "SSO_BOT": 4,
    "SSO_DIST": 95,
    "SSO_CHAR": "OP",
    "WATER_DEP": 30,
    "SHEEN": "B",
    "CLN_BELOW": 1,
    "PIT_CAT": "Heavy",
    "SURV_ID": "TXDEMO-00520171206",
    "SEG_ID": "TXDEMO-005"
  },
  {
    "PIT_ID": "TXDEMO-00520171206C2",
    "PIT_LAT": 29.38015365600586,
    "PIT_LON": -94.72393035888672,
    "PIT_TIDAL": "MI",
    "DEPTH": 30,
    "SSO_TOP": 2,
    "SSO_BOT": 4,
    "SSO_DIST": 5,
    "SSO_CHAR": "PP",
    "WATER_DEP": 40,
    "SHEEN": "S",
    "CLN_BELOW": 1,
    "PIT_CAT": "Light",
    "SURV_ID": "TXDEMO-00520171206",
    "SEG_ID": "TXDEMO-005"
  },
  {
    "PIT_ID": "TXDEMO-00520171206C3",
    "PIT_LAT": 29.386940002441406,
    "PIT_LON": -94.72006225585938,
    "PIT_TIDAL": "MI",
    "DEPTH": 15,
    "SSO_TOP": 0,
    "SSO_BOT": 0,
    "SSO_DIST": "",
    "SSO_CHAR": "NOO",
    "WATER_DEP": 60,
    "SHEEN": "",
    "CLN_BELOW": 1,
    "PIT_CAT": "NOO",
    "SURV_ID": "TXDEMO-00520171206",
    "SEG_ID": "TXDEMO-005"
  },
  {
    "PIT_ID": "TXDEMO-00520171206C4",
    "PIT_LAT": 29.372901916503906,
    "PIT_LON": -94.72755432128906,
    "PIT_TIDAL": "MI",
    "DEPTH": 20,
    "SSO_TOP": 0,
    "SSO_BOT": 0,
    "SSO_DIST": "",
    "SSO_CHAR": "NOO",
    "WATER_DEP": 35,
    "SHEEN": "",
    "CLN_BELOW": 1,
    "PIT_CAT": "NOO",
    "SURV_ID": "TXDEMO-00520171206",
    "SEG_ID": "TXDEMO-005"
  },
  {
    "PIT_ID": "TXDEMO-00520171207E1",
    "PIT_LAT": 29.384593963623047,
    "PIT_LON": -94.72142791748047,
    "PIT_TIDAL": "MI",
    "DEPTH": 30,
    "SSO_TOP": 5,
    "SSO_BOT": 8,
    "SSO_DIST": 5,
    "SSO_CHAR": "PP",
    "WATER_DEP": 30,
    "SHEEN": "S",
    "CLN_BELOW": 1,
    "PIT_CAT": "Light",
    "SURV_ID": "TXDEMO-00520171207",
    "SEG_ID": "TXDEMO-005"
  },
  {
    "PIT_ID": "TXDEMO-00520171207E6",
    "PIT_LAT": 29.37119483947754,
    "PIT_LON": -94.72911834716797,
    "PIT_TIDAL": "MI",
    "DEPTH": 30,
    "SSO_TOP": 5,
    "SSO_BOT": 8,
    "SSO_DIST": 15,
    "SSO_CHAR": "PP",
    "WATER_DEP": 0,
    "SHEEN": "R",
    "CLN_BELOW": 0,
    "PIT_CAT": "Light",
    "SURV_ID": "TXDEMO-00520171207",
    "SEG_ID": "TXDEMO-005"
  },
  {
    "PIT_ID": "TXDEMO-00520171207E7",
    "PIT_LAT": 29.36884307861328,
    "PIT_LON": -94.73130798339844,
    "PIT_TIDAL": "MI",
    "DEPTH": 30,
    "SSO_TOP": 10,
    "SSO_BOT": 12,
    "SSO_DIST": 15,
    "SSO_CHAR": "PP",
    "WATER_DEP": 35,
    "SHEEN": "S",
    "CLN_BELOW": 1,
    "PIT_CAT": "Light",
    "SURV_ID": "TXDEMO-00520171207",
    "SEG_ID": "TXDEMO-005"
  },
  {
    "PIT_ID": "TXDEMO-00520171207G15",
    "PIT_LAT": 29.37813949584961,
    "PIT_LON": -94.72404479980469,
    "PIT_TIDAL": "MI",
    "DEPTH": 30,
    "SSO_TOP": 5,
    "SSO_BOT": 8,
    "SSO_DIST": 15,
    "SSO_CHAR": "PP",
    "WATER_DEP": 60,
    "SHEEN": "N",
    "CLN_BELOW": 1,
    "PIT_CAT": "Light",
    "SURV_ID": "TXDEMO-00520171207",
    "SEG_ID": "TXDEMO-005"
  },
  {
    "PIT_ID": "TXDEMO-00520171207G16",
    "PIT_LAT": 29.375123977661133,
    "PIT_LON": -94.72705841064453,
    "PIT_TIDAL": "MI",
    "DEPTH": 15,
    "SSO_TOP": 0,
    "SSO_BOT": 0,
    "SSO_DIST": "",
    "SSO_CHAR": "NOO",
    "WATER_DEP": 30,
    "SHEEN": "",
    "CLN_BELOW": 1,
    "PIT_CAT": "NOO",
    "SURV_ID": "TXDEMO-00520171207",
    "SEG_ID": "TXDEMO-005"
  },
  {
    "PIT_ID": "TXDEMO-00520171205G17",
    "PIT_LAT": 29.376333236694336,
    "PIT_LON": -94.72637939453125,
    "PIT_TIDAL": "MI",
    "DEPTH": 30,
    "SSO_TOP": 0,
    "SSO_BOT": 0,
    "SSO_DIST": "",
    "SSO_CHAR": "NOO",
    "WATER_DEP": 0,
    "SHEEN": "",
    "CLN_BELOW": 1,
    "PIT_CAT": "NOO",
    "SURV_ID": "TXDEMO-00520171205",
    "SEG_ID": "TXDEMO-005"
  },
  {
    "PIT_ID": "TXDEMO-00520171205G18",
    "PIT_LAT": 29.376853942871094,
    "PIT_LON": -94.72611999511719,
    "PIT_TIDAL": "MI",
    "DEPTH": 57,
    "SSO_TOP": 0,
    "SSO_BOT": 0,
    "SSO_DIST": "",
    "SSO_CHAR": "NOO",
    "WATER_DEP": 0,
    "SHEEN": "",
    "CLN_BELOW": 1,
    "PIT_CAT": "NOO",
    "SURV_ID": "TXDEMO-00520171205",
    "SEG_ID": "TXDEMO-005"
  },
  {
    "PIT_ID": "TXDEMO-00520171205A1",
    "PIT_LAT": 29.398353576660156,
    "PIT_LON": -94.71179962158203,
    "PIT_TIDAL": "UI",
    "DEPTH": 20,
    "SSO_TOP": 0,
    "SSO_BOT": 0,
    "SSO_DIST": "",
    "SSO_CHAR": "NOO",
    "WATER_DEP": 25,
    "SHEEN": "",
    "CLN_BELOW": 1,
    "PIT_CAT": "NOO",
    "SURV_ID": "TXDEMO-00520171205",
    "SEG_ID": "TXDEMO-005"
  },
  {
    "PIT_ID": "TXDEMO-00520171207G17",
    "PIT_LAT": 29.372821807861328,
    "PIT_LON": -94.72824096679688,
    "PIT_TIDAL": "UI",
    "DEPTH": 20,
    "SSO_TOP": 10,
    "SSO_BOT": 15,
    "SSO_DIST": 15,
    "SSO_CHAR": "PP",
    "WATER_DEP": 0,
    "SHEEN": "N",
    "CLN_BELOW": 1,
    "PIT_CAT": "Light",
    "SURV_ID": "TXDEMO-00520171207",
    "SEG_ID": "TXDEMO-005"
  },
  {
    "PIT_ID": "TXDEMO-00720171207A1",
    "PIT_LAT": 29.334352493286133,
    "PIT_LON": -94.74826049804688,
    "PIT_TIDAL": "UI",
    "DEPTH": 12,
    "SSO_TOP": 0,
    "SSO_BOT": 0,
    "SSO_DIST": "",
    "SSO_CHAR": "NOO",
    "WATER_DEP": 20,
    "SHEEN": "",
    "CLN_BELOW": 1,
    "PIT_CAT": "NOO",
    "SURV_ID": "TXDEMO-00720171207",
    "SEG_ID": "TXDEMO-007"
  },
  {
    "PIT_ID": "TXDEMO-00620171206F1",
    "PIT_LAT": 29.335432052612305,
    "PIT_LON": -94.73780822753906,
    "PIT_TIDAL": "UI",
    "DEPTH": 10,
    "SSO_TOP": 0,
    "SSO_BOT": 0,
    "SSO_DIST": "",
    "SSO_CHAR": "NOO",
    "WATER_DEP": 0,
    "SHEEN": "",
    "CLN_BELOW": 1,
    "PIT_CAT": "NOO",
    "SURV_ID": "TXDEMO-00620171206",
    "SEG_ID": "TXDEMO-006"
  },
  {
    "PIT_ID": "TXDEMO-00720171207A2",
    "PIT_LAT": 29.334367752075195,
    "PIT_LON": -94.7472915649414,
    "PIT_TIDAL": "UI",
    "DEPTH": 12,
    "SSO_TOP": 0,
    "SSO_BOT": 0,
    "SSO_DIST": "",
    "SSO_CHAR": "NOO",
    "WATER_DEP": 20,
    "SHEEN": "",
    "CLN_BELOW": 1,
    "PIT_CAT": "NOO",
    "SURV_ID": "TXDEMO-00720171207",
    "SEG_ID": "TXDEMO-007"
  },
  {
    "PIT_ID": "TXDEMO-00720171207A3",
    "PIT_LAT": 29.334348678588867,
    "PIT_LON": -94.74684143066406,
    "PIT_TIDAL": "UI",
    "DEPTH": 12,
    "SSO_TOP": 0,
    "SSO_BOT": 0,
    "SSO_DIST": "",
    "SSO_CHAR": "NOO",
    "WATER_DEP": 20,
    "SHEEN": "",
    "CLN_BELOW": 1,
    "PIT_CAT": "NOO",
    "SURV_ID": "TXDEMO-00720171207",
    "SEG_ID": "TXDEMO-007"
  },
  {
    "PIT_ID": "TXDEMO-00720171207A4",
    "PIT_LAT": 29.334182739257812,
    "PIT_LON": -94.7441635131836,
    "PIT_TIDAL": "UI",
    "DEPTH": 30,
    "SSO_TOP": 0,
    "SSO_BOT": 0,
    "SSO_DIST": "",
    "SSO_CHAR": "NOO",
    "WATER_DEP": 3,
    "SHEEN": "S",
    "CLN_BELOW": 1,
    "PIT_CAT": "NOO",
    "SURV_ID": "TXDEMO-00720171207",
    "SEG_ID": "TXDEMO-007"
  },
  {
    "PIT_ID": "TXDEMO-00620171206G7",
    "PIT_LAT": 29.336233139038086,
    "PIT_LON": -94.73509216308594,
    "PIT_TIDAL": "LI",
    "DEPTH": 8,
    "SSO_TOP": 0,
    "SSO_BOT": 0,
    "SSO_DIST": "",
    "SSO_CHAR": "NOO",
    "WATER_DEP": 8,
    "SHEEN": "",
    "CLN_BELOW": 1,
    "PIT_CAT": "NOO",
    "SURV_ID": "TXDEMO-00620171206",
    "SEG_ID": "TXDEMO-006"
  },
  {
    "PIT_ID": "TXDEMO-00620171206G8",
    "PIT_LAT": 29.336233139038086,
    "PIT_LON": -94.73509216308594,
    "PIT_TIDAL": "MI",
    "DEPTH": 10,
    "SSO_TOP": 0,
    "SSO_BOT": 0,
    "SSO_DIST": "",
    "SSO_CHAR": "NOO",
    "WATER_DEP": 0,
    "SHEEN": "",
    "CLN_BELOW": 1,
    "PIT_CAT": "NOO",
    "SURV_ID": "TXDEMO-00620171206",
    "SEG_ID": "TXDEMO-006"
  },
  {
    "PIT_ID": "TXDEMO-00620171206H9",
    "PIT_LAT": 29.33626937866211,
    "PIT_LON": -94.73078918457031,
    "PIT_TIDAL": "UI",
    "DEPTH": 10,
    "SSO_TOP": 0,
    "SSO_BOT": 0,
    "SSO_DIST": "",
    "SSO_CHAR": "NOO",
    "WATER_DEP": 0,
    "SHEEN": "",
    "CLN_BELOW": 1,
    "PIT_CAT": "NOO",
    "SURV_ID": "TXDEMO-00620171206",
    "SEG_ID": "TXDEMO-006"
  },
  {
    "PIT_ID": "TXDEMO-00620171206H10",
    "PIT_LAT": 29.33626937866211,
    "PIT_LON": -94.73078918457031,
    "PIT_TIDAL": "MI",
    "DEPTH": 12,
    "SSO_TOP": 0,
    "SSO_BOT": 0,
    "SSO_DIST": "",
    "SSO_CHAR": "NOO",
    "WATER_DEP": 0,
    "SHEEN": "",
    "CLN_BELOW": 1,
    "PIT_CAT": "NOO",
    "SURV_ID": "TXDEMO-00620171206",
    "SEG_ID": "TXDEMO-006"
  }
]