[
  {
    "SEG_ID": "TXDEMO-010",
    "START_DATE": "2017-12-05 19:00:00",
    "STOP_DATE": "",
    "START_LAT": 29.334115982055664,
    "START_LON": -94.78065490722656,
    "END_LAT": 29.323823928833008,
    "END_LON": -94.78154754638672,
    "ESI_PRIM": "6B"
  },
  {
    "SEG_ID": "TXDEMO-008",
    "START_DATE": "2017-12-05 19:00:00",
    "STOP_DATE": "",
    "START_LAT": 29.370685577392578,
    "START_LON": -94.75023651123047,
    "END_LAT": 29.363370895385742,
    "END_LON": -94.7620849609375,
    "ESI_PRIM": "6B"
  },
  {
    "SEG_ID": "TXDEMO-004",
    "START_DATE": "2017-12-05 19:00:00",
    "STOP_DATE": "",
    "START_LAT": 29.36631965637207,
    "START_LON": -94.74009704589844,
    "END_LAT": 29.378522872924805,
    "END_LON": -94.73763275146484,
    "ESI_PRIM": "10A"
  },
  {
    "SEG_ID": "TXDEMO-009",
    "START_DATE": "2017-12-05 19:00:00",
    "STOP_DATE": "",
    "START_LAT": 29.363370895385742,
    "START_LON": -94.7620849609375,
    "END_LAT": 29.364688873291016,
    "END_LON": -94.77010345458984,
    "ESI_PRIM": "10A"
  },
  {
    "SEG_ID": "TXDEMO-007",
    "START_DATE": "2017-12-05 19:00:00",
    "STOP_DATE": "",
    "START_LAT": 29.335126876831055,
    "START_LON": -94.77084350585938,
    "END_LAT": 29.333799362182617,
    "END_LON": -94.74285125732422,
    "ESI_PRIM": "6B"
  },
  {
    "SEG_ID": "TXDEMO-001",
    "START_DATE": "2017-12-05 19:00:00",
    "STOP_DATE": "",
    "START_LAT": 29.332176208496094,
    "START_LON": -94.72999572753906,
    "END_LAT": 29.299610137939453,
    "END_LON": -94.77497863769531,
    "ESI_PRIM": "3A"
  },
  {
    "SEG_ID": "TXDEMO-003",
    "START_DATE": "2017-12-05 19:00:00",
    "STOP_DATE": "",
    "START_LAT": 29.345550537109375,
    "START_LON": -94.6788101196289,
    "END_LAT": 29.370685577392578,
    "END_LON": -94.75023651123047,
    "ESI_PRIM": "6B"
  },
  {
    "SEG_ID": "TXDEMO-002",
    "START_DATE": "2017-12-05 19:00:00",
    "STOP_DATE": "",
    "START_LAT": 29.332120895385742,
    "START_LON": -94.72930908203125,
    "END_LAT": 29.332176208496094,
    "END_LON": -94.72999572753906,
    "ESI_PRIM": "6B"
  },
  {
    "SEG_ID": "TXDEMO-006",
    "START_DATE": "2017-12-05 19:00:00",
    "STOP_DATE": "",
    "START_LAT": 29.333799362182617,
    "START_LON": -94.74285125732422,
    "END_LAT": 29.332120895385742,
    "END_LON": -94.72930908203125,
    "ESI_PRIM": "3A"
  },
  {
    "SEG_ID": "TXDEMO-005",
    "START_DATE": "2017-12-05 19:00:00",
    "STOP_DATE": "",
    "START_LAT": 29.392000198364258,
    "START_LON": -94.71878051757812,
    "END_LAT": 29.412044525146484,
    "END_LON": -94.69960021972656,
    "ESI_PRIM": "3A"
  }
]