[
  {
    "SURV_ID": "TXDEMO-00120171205",
    "SURV_DATE": "2017-12-05 09:00:00",
    "START_TIME": "2017-12-05 09:00:00",
    "STOP_TIME": "2017-12-05 17:00:00",
    "SURV_PER1": "PERSON 1 - RP REP",
    "SURV_PER2": "PERSON 2 - FOSC REP",
    "SURV_PER3": "PERSON 3 - SOSC REP",
    "SURV_PER4": "",
    "SURV_PER5": "",
    "SURV_PER6": "",
    "SEGMENTS": "TXDEMO-001",
    "SURV_TYPE": "Foot"
  },
  {
    "SURV_ID": "TXDEMO-00220171205",
    "SURV_DATE": "2017-12-05 09:00:00",
    "START_TIME": "2017-12-05 09:00:00",
    "STOP_TIME": "2017-12-05 17:00:00",
    "SURV_PER1": "PERSON 1 - RP REP",
    "SURV_PER2": "PERSON 2 - FOSC REP",
    "SURV_PER3": "PERSON 3 - SOSC REP",
    "SURV_PER4": "",
    "SURV_PER5": "",
    "SURV_PER6": "",
    "SEGMENTS": "TXDEMO-002",
    "SURV_TYPE": "Foot"
  },
  {
    "SURV_ID": "TXDEMO-00520171205",
    "SURV_DATE": "2017-12-05 09:00:00",
    "START_TIME": "2017-12-05 09:00:00",
    "STOP_TIME": "2017-12-05 17:00:00",
    "SURV_PER1": "PERSON 1 - RP REP",
    "SURV_PER2": "PERSON 2 - FOSC REP",
    "SURV_PER3": "PERSON 3 - SOSC REP",
    "SURV_PER4": "",
    "SURV_PER5": "",
    "SURV_PER6": "",
    "SEGMENTS": "TXDEMO-005",
    "SURV_TYPE": "Foot"
  },
  {
    "SURV_ID": "TXDEMO-00120171206",
    "SURV_DATE": "2017-12-06 09:00:00",
    "START_TIME": "2017-12-06 09:00:00",
    "STOP_TIME": "2017-12-06 17:00:00",
    "SURV_PER1": "PERSON 1 - RP REP",
    "SURV_PER2": "PERSON 2 - FOSC REP",
    "SURV_PER3": "PERSON 3 - SOSC REP",
    "SURV_PER4": "",
    "SURV_PER5": "",
    "SURV_PER6": "",
    "SEGMENTS": "TXDEMO-001",
    "SURV_TYPE": "Foot"
  },
  {
    "SURV_ID": "TXDEMO-00220171206",
    "SURV_DATE": "2017-12-06 09:00:00",
    "START_TIME": "2017-12-06 09:00:00",
    "STOP_TIME": "2017-12-06 17:00:00",
    "SURV_PER1": "PERSON 1 - RP REP",
    "SURV_PER2": "PERSON 2 - FOSC REP",
    "SURV_PER3": "PERSON 3 - SOSC REP",
    "SURV_PER4": "",
    "SURV_PER5": "",
    "SURV_PER6": "",
    "SEGMENTS": "TXDEMO-002",
    "SURV_TYPE": "Foot"
  },
  {
    "SURV_ID": "TXDEMO-00320171206",
    "SURV_DATE": "2017-12-06 09:00:00",
    "START_TIME": "2017-12-06 09:00:00",
    "STOP_TIME": "2017-12-06 17:00:00",
    "SURV_PER1": "PERSON 1 - RP REP",
    "SURV_PER2": "PERSON 2 - FOSC REP",
    "SURV_PER3": "PERSON 3 - SOSC REP",
    "SURV_PER4": "",
    "SURV_PER5": "",
    "SURV_PER6": "",
    "SEGMENTS": "TXDEMO-003",
    "SURV_TYPE": "Foot"
  },
  {
    "SURV_ID": "TXDEMO-00420171206",
    "SURV_DATE": "2017-12-06 09:00:00",
    "START_TIME": "2017-12-06 09:00:00",
    "STOP_TIME": "2017-12-06 17:00:00",
    "SURV_PER1": "PERSON 1 - RP REP",
    "SURV_PER2": "PERSON 2 - FOSC REP",
    "SURV_PER3": "PERSON 3 - SOSC REP",
    "SURV_PER4": "",
    "SURV_PER5": "",
    "SURV_PER6": "",
    "SEGMENTS": "TXDEMO-004",
    "SURV_TYPE": "Boat"
  },
  {
    "SURV_ID": "TXDEMO-00520171206",
    "SURV_DATE": "2017-12-06 09:00:00",
    "START_TIME": "2017-12-06 09:00:00",
    "STOP_TIME": "2017-12-06 17:00:00",
    "SURV_PER1": "PERSON 1 - RP REP",
    "SURV_PER2": "PERSON 2 - FOSC REP",
    "SURV_PER3": "PERSON 3 - SOSC REP",
    "SURV_PER4": "",
    "SURV_PER5": "",
    "SURV_PER6": "",
    "SEGMENTS": "TXDEMO-005",
    "SURV_TYPE": "Foot"
  },
  {
    "SURV_ID": "TXDEMO-00620171206",
    "SURV_DATE": "2017-12-06 09:00:00",
    "START_TIME": "2017-12-06 09:00:00",
    "STOP_TIME": "2017-12-06 17:00:00",
    "SURV_PER1": "PERSON 1 - RP REP",
    "SURV_PER2": "PERSON 2 - FOSC REP",
    "SURV_PER3": "PERSON 3 - SOSC REP",
    "SURV_PER4": "",
    "SURV_PER5": "",
    "SURV_PER6": "",
    "SEGMENTS": "TXDEMO-006",
    "SURV_TYPE": "Foot"
  },
  {
    "SURV_ID": "TXDEMO-00120171207",
    "SURV_DATE": "2017-12-07 09:00:00",
    "START_TIME": "2017-12-07 09:00:00",
    "STOP_TIME": "2017-12-07 16:00:00",
    "SURV_PER1": "PERSON 1 - RP REP",
    "SURV_PER2": "PERSON 2 - FOSC REP",
    "SURV_PER3": "PERSON 3 - SOSC REP",
    "SURV_PER4": "",
    "SURV_PER5": "",
    "SURV_PER6": "",
    "SEGMENTS": "TXDEMO-001",
    "SURV_TYPE": "Foot"
  },
  {
    "SURV_ID": "TXDEMO-00220171207",
    "SURV_DATE": "2017-12-07 09:00:00",
    "START_TIME": "2017-12-07 09:00:00",
    "STOP_TIME": "2017-12-07 16:00:00",
    "SURV_PER1": "PERSON 1 - RP REP",
    "SURV_PER2": "PERSON 2 - FOSC REP",
    "SURV_PER3": "PERSON 3 - SOSC REP",
    "SURV_PER4": "",
    "SURV_PER5": "",
    "SURV_PER6": "",
    "SEGMENTS": "TXDEMO-002",
    "SURV_TYPE": "Foot"
  },
  {
    "SURV_ID": "TXDEMO-00320171207",
    "SURV_DATE": "2017-12-07 09:00:00",
    "START_TIME": "2017-12-07 09:00:00",
    "STOP_TIME": "2017-12-07 16:00:00",
    "SURV_PER1": "PERSON 1 - RP REP",
    "SURV_PER2": "PERSON 2 - FOSC REP",
    "SURV_PER3": "PERSON 3 - SOSC REP",
    "SURV_PER4": "",
    "SURV_PER5": "",
    "SURV_PER6": "",
    "SEGMENTS": "TXDEMO-003",
    "SURV_TYPE": "Foot"
  },
  {
    "SURV_ID": "TXDEMO-00420171207",
    "SURV_DATE": "2017-12-07 09:00:00",
    "START_TIME": "2017-12-07 09:00:00",
    "STOP_TIME": "2017-12-07 16:00:00",
    "SURV_PER1": "PERSON 1 - RP REP",
    "SURV_PER2": "PERSON 2 - FOSC REP",
    "SURV_PER3": "PERSON 3 - SOSC REP",
    "SURV_PER4": "",
    "SURV_PER5": "",
    "SURV_PER6": "",
    "SEGMENTS": "TXDEMO-004",
    "SURV_TYPE": "Boat"
  },
  {
    "SURV_ID": "TXDEMO-00520171207",
    "SURV_DATE": "2017-12-07 09:00:00",
    "START_TIME": "2017-12-07 09:00:00",
    "STOP_TIME": "2017-12-07 16:00:00",
    "SURV_PER1": "PERSON 1 - RP REP",
    "SURV_PER2": "PERSON 2 - FOSC REP",
    "SURV_PER3": "PERSON 3 - SOSC REP",
    "SURV_PER4": "",
    "SURV_PER5": "",
    "SURV_PER6": "",
    "SEGMENTS": "TXDEMO-005",
    "SURV_TYPE": "Foot"
  },
  {
    "SURV_ID": "TXDEMO-00620171207",
    "SURV_DATE": "2017-12-07 09:00:00",
    "START_TIME": "2017-12-07 09:00:00",
    "STOP_TIME": "2017-12-07 16:00:00",
    "SURV_PER1": "PERSON 1 - RP REP",
    "SURV_PER2": "PERSON 2 - FOSC REP",
    "SURV_PER3": "PERSON 3 - SOSC REP",
    "SURV_PER4": "",
    "SURV_PER5": "",
    "SURV_PER6": "",
    "SEGMENTS": "TXDEMO-006",
    "SURV_TYPE": "Foot"
  },
  {
    "SURV_ID": "TXDEMO-00720171207",
    "SURV_DATE": "2017-12-07 09:00:00",
    "START_TIME": "2017-12-07 09:00:00",
    "STOP_TIME": "2017-12-07 16:00:00",
    "SURV_PER1": "PERSON 1 - RP REP",
    "SURV_PER2": "PERSON 2 - FOSC REP",
    "SURV_PER3": "PERSON 3 - SOSC REP",
    "SURV_PER4": "",
    "SURV_PER5": "",
    "SURV_PER6": "",
    "SEGMENTS": "TXDEMO-007",
    "SURV_TYPE": "Foot"
  },
  {
    "SURV_ID": "TXDEMO-00820171207",
    "SURV_DATE": "2017-12-07 09:00:00",
    "START_TIME": "2017-12-07 09:00:00",
    "STOP_TIME": "2017-12-07 16:00:00",
    "SURV_PER1": "PERSON 1 - RP REP",
    "SURV_PER2": "PERSON 2 - FOSC REP",
    "SURV_PER3": "PERSON 3 - SOSC REP",
    "SURV_PER4": "",
    "SURV_PER5": "",
    "SURV_PER6": "",
    "SEGMENTS": "TXDEMO-008",
    "SURV_TYPE": "Foot"
  },
  {
    "SURV_ID": "TXDEMO-00920171207",
    "SURV_DATE": "2017-12-07 09:00:00",
    "START_TIME": "2017-12-07 09:00:00",
    "STOP_TIME": "2017-12-07 16:00:00",
    "SURV_PER1": "PERSON 1 - RP REP",
    "SURV_PER2": "PERSON 2 - FOSC REP",
    "SURV_PER3": "PERSON 3 - SOSC REP",
    "SURV_PER4": "",
    "SURV_PER5": "",
    "SURV_PER6": "",
    "SEGMENTS": "TXDEMO-009",
    "SURV_TYPE": "Foot"
  },
  {
    "SURV_ID": "TXDEMO-01020171207",
    "SURV_DATE": "2017-12-07 09:00:00",
    "START_TIME": "2017-12-07 09:00:00",
    "STOP_TIME": "2017-12-07 16:00:00",
    "SURV_PER1": "PERSON 1 - RP REP",
    "SURV_PER2": "PERSON 2 - FOSC REP",
    "SURV_PER3": "PERSON 3 - SOSC REP",
    "SURV_PER4": "",
    "SURV_PER5": "",
    "SURV_PER6": "",
    "SEGMENTS": "TXDEMO-010",
    "SURV_TYPE": "Foot"
  },
  {
    "SURV_ID": "TXDEMO-00120171208",
    "SURV_DATE": "2017-12-08 09:00:00",
    "START_TIME": "2017-12-08 09:00:00",
    "STOP_TIME": "2017-12-08 15:00:00",
    "SURV_PER1": "PERSON 1 - RP REP",
    "SURV_PER2": "PERSON 2 - FOSC REP",
    "SURV_PER3": "PERSON 3 - SOSC REP",
    "SURV_PER4": "",
    "SURV_PER5": "",
    "SURV_PER6": "",
    "SEGMENTS": "TXDEMO-001",
    "SURV_TYPE": "Foot"
  },
  {
    "SURV_ID": "TXDEMO-00420171208",
    "SURV_DATE": "2017-12-08 09:00:00",
    "START_TIME": "2017-12-08 09:00:00",
    "STOP_TIME": "2017-12-08 15:00:00",
    "SURV_PER1": "PERSON 1 - RP REP",
    "SURV_PER2": "PERSON 2 - FOSC REP",
    "SURV_PER3": "PERSON 3 - SOSC REP",
    "SURV_PER4": "",
    "SURV_PER5": "",
    "SURV_PER6": "",
    "SEGMENTS": "TXDEMO-004",
    "SURV_TYPE": "Boat"
  }
]