[
  {
    "ZONE_ID": "TXDEMO-00120171205B",
    "ZONE_TIDAL": "LI/MI/UI",
    "START_LAT": 29.331283569335938,
    "START_LON": -94.72813415527344,
    "END_LAT": 29.32472801208496,
    "END_LON": -94.73797607421875,
    "WIDTH": 5,
    "SO_DIST": 0,
    "SO_THICK": "CT",
    "SO_CHAR": "TB",
    "SUBSTR": "S",
    "TB_CNT": 15,
    "TB_AREA": 1,
    "TB_ARUNIT": "M2",
    "TB_AVSIZE": 2,
    "TB_TYPE": "F",
    "P_OILBOT": 0,
    "P_OILTOP": 0,
    "P_HEIGHT": 0,
    "ESI": "3A",
    "ZONE_CAT": "Heavy TB Oiling",
    "SURV_ID": "TXDEMO-00120171205",
    "SEG_ID": "TXDEMO-001"
  },
  {
    "ZONE_ID": "TXDEMO-00120171205A",
    "ZONE_TIDAL": "",
    "START_LAT": 29.331283569335938,
    "START_LON": -94.72813415527344,
    "END_LAT": 29.332176208496094,
    "END_LON": -94.72999572753906,
    "WIDTH": 0,
    "SO_DIST": 0,
    "SO_THICK": "",
    "SO_CHAR": "NOO",
    "SUBSTR": "S",
    "TB_CNT": 0,
    "TB_AREA": 0,
    "TB_ARUNIT": "",
    "TB_AVSIZE": 0,
    "TB_TYPE": "",
    "P_OILBOT": 0,
    "P_OILTOP": 0,
    "P_HEIGHT": 0,
    "ESI": "3A",
    "ZONE_CAT": "NOO",
    "SURV_ID": "TXDEMO-00120171205",
    "SEG_ID": "TXDEMO-001"
  },
  {
    "ZONE_ID": "TXDEMO-00120171205C",
    "ZONE_TIDAL": "",
    "START_LAT": 29.32472801208496,
    "START_LON": -94.73797607421875,
    "END_LAT": 29.32358169555664,
    "END_LON": -94.7398452758789,
    "WIDTH": 0,
    "SO_DIST": 0,
    "SO_THICK": "",
    "SO_CHAR": "NOO",
    "SUBSTR": "S",
    "TB_CNT": 0,
    "TB_AREA": 0,
    "TB_ARUNIT": "",
    "TB_AVSIZE": 0,
    "TB_TYPE": "",
    "P_OILBOT": 0,
    "P_OILTOP": 0,
    "P_HEIGHT": 0,
    "ESI": "3A",
    "ZONE_CAT": "NOO",
    "SURV_ID": "TXDEMO-00120171205",
    "SEG_ID": "TXDEMO-001"
  },
  {
    "ZONE_ID": "TXDEMO-00220171205A",
    "ZONE_TIDAL": "",
    "START_LAT": 29.332176208496094,
    "START_LON": -94.72999572753906,
    "END_LAT": 29.331127166748047,
    "END_LON": -94.72106170654297,
    "WIDTH": 0,
    "SO_DIST": 0,
    "SO_THICK": "",
    "SO_CHAR": "NOO",
    "SUBSTR": "S",
    "TB_CNT": 0,
    "TB_AREA": 0,
    "TB_ARUNIT": "",
    "TB_AVSIZE": 0,
    "TB_TYPE": "",
    "P_OILBOT": 0,
    "P_OILTOP": 0,
    "P_HEIGHT": 0,
    "ESI": "6B",
    "ZONE_CAT": "NOO",
    "SURV_ID": "TXDEMO-00220171205",
    "SEG_ID": "TXDEMO-002"
  },
  {
    "ZONE_ID": "TXDEMO-00220171205B",
    "ZONE_TIDAL": "UI",
    "START_LAT": 29.331127166748047,
    "START_LON": -94.72106170654297,
    "END_LAT": 29.332120895385742,
    "END_LON": -94.72930908203125,
    "WIDTH": 1,
    "SO_DIST": 1,
    "SO_THICK": "CT",
    "SO_CHAR": "FR",
    "SUBSTR": "S",
    "TB_CNT": 0,
    "TB_AREA": 0,
    "TB_ARUNIT": "",
    "TB_AVSIZE": 0,
    "TB_TYPE": "",
    "P_OILBOT": 0,
    "P_OILTOP": 0,
    "P_HEIGHT": 0,
    "ESI": "6B",
    "ZONE_CAT": "Very Light",
    "SURV_ID": "TXDEMO-00220171205",
    "SEG_ID": "TXDEMO-002"
  },
  {
    "ZONE_ID": "TXDEMO-00520171205A",
    "ZONE_TIDAL": "MI/UI",
    "START_LAT": 29.36843490600586,
    "START_LON": -94.73184967041016,
    "END_LAT": 29.371658325195312,
    "END_LON": -94.72846221923828,
    "WIDTH": 2,
    "SO_DIST": 20,
    "SO_THICK": "CT",
    "SO_CHAR": "FR",
    "SUBSTR": "S",
    "TB_CNT": 0,
    "TB_AREA": 0,
    "TB_ARUNIT": "",
    "TB_AVSIZE": 0,
    "TB_TYPE": "",
    "P_OILBOT": 0,
    "P_OILTOP": 0,
    "P_HEIGHT": 0,
    "ESI": "3A",
    "ZONE_CAT": "Moderate",
    "SURV_ID": "TXDEMO-00520171205",
    "SEG_ID": "TXDEMO-005"
  },
  {
    "ZONE_ID": "TXDEMO-00520171205B",
    "ZONE_TIDAL": "LI/MI/UI",
    "START_LAT": 29.371658325195312,
    "START_LON": -94.72846221923828,
    "END_LAT": 29.374910354614258,
    "END_LON": -94.72675323486328,
    "WIDTH": 10,
    "SO_DIST": 65,
    "SO_THICK": "PO",
    "SO_CHAR": "FR",
    "SUBSTR": "S",
    "TB_CNT": 0,
    "TB_AREA": 0,
    "TB_ARUNIT": "",
    "TB_AVSIZE": 0,
    "TB_TYPE": "",
    "P_OILBOT": 0,
    "P_OILTOP": 0,
    "P_HEIGHT": 0,
    "ESI": "3A",
    "ZONE_CAT": "Heavy",
    "SURV_ID": "TXDEMO-00520171205",
    "SEG_ID": "TXDEMO-005"
  },
  {
    "ZONE_ID": "TXDEMO-00520171205C",
    "ZONE_TIDAL": "MI",
    "START_LAT": 29.374910354614258,
    "START_LON": -94.72675323486328,
    "END_LAT": 29.377361297607422,
    "END_LON": -94.72538757324219,
    "WIDTH": 15,
    "SO_DIST": 5,
    "SO_THICK": "CT",
    "SO_CHAR": "FR",
    "SUBSTR": "S",
    "TB_CNT": 0,
    "TB_AREA": 0,
    "TB_ARUNIT": "",
    "TB_AVSIZE": 0,
    "TB_TYPE": "",
    "P_OILBOT": 0,
    "P_OILTOP": 0,
    "P_HEIGHT": 0,
    "ESI": "3A",
    "ZONE_CAT": "Light",
    "SURV_ID": "TXDEMO-00520171205",
    "SEG_ID": "TXDEMO-005"
  },
  {
    "ZONE_ID": "TXDEMO-00120171206B",
    "ZONE_TIDAL": "MI/UI",
    "START_LAT": 29.33038902282715,
    "START_LON": -94.72882843017578,
    "END_LAT": 29.328304290771484,
    "END_LON": -94.73187255859375,
    "WIDTH": 2,
    "SO_DIST": 0,
    "SO_THICK": "CV",
    "SO_CHAR": "PT",
    "SUBSTR": "S",
    "TB_CNT": 5,
    "TB_AREA": 1,
    "TB_ARUNIT": "M2",
    "TB_AVSIZE": 3,
    "TB_TYPE": "F",
    "P_OILBOT": 0,
    "P_OILTOP": 0,
    "P_HEIGHT": 0,
    "ESI": "3A",
    "ZONE_CAT": "Moderate TB Oiling",
    "SURV_ID": "TXDEMO-00120171206",
    "SEG_ID": "TXDEMO-001"
  },
  {
    "ZONE_ID": "TXDEMO-00120171206A",
    "ZONE_TIDAL": "",
    "START_LAT": 29.328304290771484,
    "START_LON": -94.73187255859375,
    "END_LAT": 29.315166473388672,
    "END_LON": -94.75267791748047,
    "WIDTH": 0,
    "SO_DIST": 0,
    "SO_THICK": "",
    "SO_CHAR": "NOO",
    "SUBSTR": "S",
    "TB_CNT": 0,
    "TB_AREA": 0,
    "TB_ARUNIT": "",
    "TB_AVSIZE": 0,
    "TB_TYPE": "",
    "P_OILBOT": 0,
    "P_OILTOP": 0,
    "P_HEIGHT": 0,
    "ESI": "3A",
    "ZONE_CAT": "NOO",
    "SURV_ID": "TXDEMO-00120171206",
    "SEG_ID": "TXDEMO-001"
  },
  {
    "ZONE_ID": "TXDEMO-00120171206A",
    "ZONE_TIDAL": "",
    "START_LAT": 29.33038902282715,
    "START_LON": -94.72882843017578,
    "END_LAT": 29.33160400390625,
    "END_LON": -94.7284164428711,
    "WIDTH": 0,
    "SO_DIST": 0,
    "SO_THICK": "",
    "SO_CHAR": "NOO",
    "SUBSTR": "S",
    "TB_CNT": 0,
    "TB_AREA": 0,
    "TB_ARUNIT": "",
    "TB_AVSIZE": 0,
    "TB_TYPE": "",
    "P_OILBOT": 0,
    "P_OILTOP": 0,
    "P_HEIGHT": 0,
    "ESI": "3A",
    "ZONE_CAT": "NOO",
    "SURV_ID": "TXDEMO-00120171206",
    "SEG_ID": "TXDEMO-001"
  },
  {
    "ZONE_ID": "TXDEMO-00220171206A",
    "ZONE_TIDAL": "MI/UI",
    "START_LAT": 29.330711364746094,
    "START_LON": -94.7176284790039,
    "END_LAT": 29.33118438720703,
    "END_LON": -94.72149658203125,
    "WIDTH": 0.30000001192092896,
    "SO_DIST": 5,
    "SO_THICK": "PO",
    "SO_CHAR": "FR",
    "SUBSTR": "S",
    "TB_CNT": 0,
    "TB_AREA": 0,
    "TB_ARUNIT": "",
    "TB_AVSIZE": 0,
    "TB_TYPE": "",
    "P_OILBOT": 0,
    "P_OILTOP": 0,
    "P_HEIGHT": 0,
    "ESI": "6B",
    "ZONE_CAT": "Light",
    "SURV_ID": "TXDEMO-00220171206",
    "SEG_ID": "TXDEMO-001"
  },
  {
    "ZONE_ID": "TXDEMO-00320171206A",
    "ZONE_TIDAL": "",
    "START_LAT": 29.370685577392578,
    "START_LON": -94.75023651123047,
    "END_LAT": 29.370647430419922,
    "END_LON": -94.75006103515625,
    "WIDTH": 0,
    "SO_DIST": 0,
    "SO_THICK": "",
    "SO_CHAR": "NOO",
    "SUBSTR": "S",
    "TB_CNT": 0,
    "TB_AREA": 0,
    "TB_ARUNIT": "",
    "TB_AVSIZE": 0,
    "TB_TYPE": "",
    "P_OILBOT": 0,
    "P_OILTOP": 0,
    "P_HEIGHT": 0,
    "ESI": "6B",
    "ZONE_CAT": "NOO",
    "SURV_ID": "TXDEMO-00320171206",
    "SEG_ID": "TXDEMO-003"
  },
  {
    "ZONE_ID": "TXDEMO-00420171206A",
    "ZONE_TIDAL": "",
    "START_LAT": 29.370647430419922,
    "START_LON": -94.75006103515625,
    "END_LAT": 29.369861602783203,
    "END_LON": -94.74518585205078,
    "WIDTH": 0,
    "SO_DIST": 0,
    "SO_THICK": "",
    "SO_CHAR": "NOO",
    "SUBSTR": "B",
    "TB_CNT": 0,
    "TB_AREA": 0,
    "TB_ARUNIT": "",
    "TB_AVSIZE": 0,
    "TB_TYPE": "",
    "P_OILBOT": 0,
    "P_OILTOP": 0,
    "P_HEIGHT": 0,
    "ESI": "10A",
    "ZONE_CAT": "NOO",
    "SURV_ID": "TXDEMO-00420171206",
    "SEG_ID": "TXDEMO-004"
  },
  {
    "ZONE_ID": "TXDEMO-00420171206B",
    "ZONE_TIDAL": "MI/UI",
    "START_LAT": 29.36893653869629,
    "START_LON": -94.74353790283203,
    "END_LAT": 29.36684226989746,
    "END_LON": -94.73323059082031,
    "WIDTH": 2,
    "SO_DIST": 15,
    "SO_THICK": "CV",
    "SO_CHAR": "FR",
    "SUBSTR": "B",
    "TB_CNT": 0,
    "TB_AREA": 0,
    "TB_ARUNIT": "",
    "TB_AVSIZE": 0,
    "TB_TYPE": "",
    "P_OILBOT": 0,
    "P_OILTOP": 10,
    "P_HEIGHT": 80,
    "ESI": "10A",
    "ZONE_CAT": "Moderate",
    "SURV_ID": "TXDEMO-00420171206",
    "SEG_ID": "TXDEMO-004"
  },
  {
    "ZONE_ID": "TXDEMO-00520171206",
    "ZONE_TIDAL": "MI/UI",
    "START_LAT": 29.36684226989746,
    "START_LON": -94.73323059082031,
    "END_LAT": 29.369190216064453,
    "END_LON": -94.7310562133789,
    "WIDTH": 2,
    "SO_DIST": 5,
    "SO_THICK": "CT",
    "SO_CHAR": "TB",
    "SUBSTR": "S",
    "TB_CNT": 0,
    "TB_AREA": 0,
    "TB_ARUNIT": "",
    "TB_AVSIZE": 1,
    "TB_TYPE": "F",
    "P_OILBOT": 0,
    "P_OILTOP": 0,
    "P_HEIGHT": 0,
    "ESI": "3A",
    "ZONE_CAT": "Light",
    "SURV_ID": "TXDEMO-00520171206",
    "SEG_ID": "TXDEMO-005"
  },
  {
    "ZONE_ID": "TXDEMO-00620171206B",
    "ZONE_TIDAL": "MI/UI",
    "START_LAT": 29.332120895385742,
    "START_LON": -94.72930908203125,
    "END_LAT": 29.336933135986328,
    "END_LON": -94.73282623291016,
    "WIDTH": 1,
    "SO_DIST": 0,
    "SO_THICK": "CT",
    "SO_CHAR": "TB",
    "SUBSTR": "S",
    "TB_CNT": 1,
    "TB_AREA": 10,
    "TB_ARUNIT": "M2",
    "TB_AVSIZE": 1,
    "TB_TYPE": "F",
    "P_OILBOT": 0,
    "P_OILTOP": 0,
    "P_HEIGHT": 0,
    "ESI": "3A",
    "ZONE_CAT": "Light TB Oiling",
    "SURV_ID": "TXDEMO-00620171206",
    "SEG_ID": "TXDEMO-006"
  },
  {
    "ZONE_ID": "TXDEMO-00620171206A",
    "ZONE_TIDAL": "",
    "START_LAT": 29.336933135986328,
    "START_LON": -94.73282623291016,
    "END_LAT": 29.335311889648438,
    "END_LON": -94.73943328857422,
    "WIDTH": 0,
    "SO_DIST": 0,
    "SO_THICK": "",
    "SO_CHAR": "NOO",
    "SUBSTR": "S",
    "TB_CNT": 0,
    "TB_AREA": 0,
    "TB_ARUNIT": "",
    "TB_AVSIZE": 0,
    "TB_TYPE": "",
    "P_OILBOT": 0,
    "P_OILTOP": 0,
    "P_HEIGHT": 0,
    "ESI": "3A",
    "ZONE_CAT": "NOO",
    "SURV_ID": "TXDEMO-00620171206",
    "SEG_ID": "TXDEMO-006"
  },
  {
    "ZONE_ID": "TXDEMO-00120171207A",
    "ZONE_TIDAL": "",
    "START_LAT": 29.331283569335938,
    "START_LON": -94.72813415527344,
    "END_LAT": 29.326963424682617,
    "END_LON": -94.7341537475586,
    "WIDTH": 0,
    "SO_DIST": 0,
    "SO_THICK": "",
    "SO_CHAR": "NOO",
    "SUBSTR": "S",
    "TB_CNT": 0,
    "TB_AREA": 0,
    "TB_ARUNIT": "",
    "TB_AVSIZE": 0,
    "TB_TYPE": "",
    "P_OILBOT": 0,
    "P_OILTOP": 0,
    "P_HEIGHT": 0,
    "ESI": "3A",
    "ZONE_CAT": "NOO",
    "SURV_ID": "TXDEMO-00120171207",
    "SEG_ID": "TXDEMO-001"
  },
  {
    "ZONE_ID": "TXDEMO-00220171207B",
    "ZONE_TIDAL": "UI",
    "START_LAT": 29.33064842224121,
    "START_LON": -94.71710205078125,
    "END_LAT": 29.33128547668457,
    "END_LON": -94.72244262695312,
    "WIDTH": 2,
    "SO_DIST": 2,
    "SO_THICK": "ST",
    "SO_CHAR": "TB",
    "SUBSTR": "S",
    "TB_CNT": 0,
    "TB_AREA": 0,
    "TB_ARUNIT": "",
    "TB_AVSIZE": 3,
    "TB_TYPE": "S",
    "P_OILBOT": 0,
    "P_OILTOP": 0,
    "P_HEIGHT": 0,
    "ESI": "6B",
    "ZONE_CAT": "Very Light",
    "SURV_ID": "TXDEMO-00220171207",
    "SEG_ID": "TXDEMO-002"
  },
  {
    "ZONE_ID": "TXDEMO-00220171207A",
    "ZONE_TIDAL": "",
    "START_LAT": 29.33128547668457,
    "START_LON": -94.72244262695312,
    "END_LAT": 29.332120895385742,
    "END_LON": -94.72930908203125,
    "WIDTH": 0,
    "SO_DIST": 0,
    "SO_THICK": "",
    "SO_CHAR": "NOO",
    "SUBSTR": "S",
    "TB_CNT": 0,
    "TB_AREA": 0,
    "TB_ARUNIT": "",
    "TB_AVSIZE": 0,
    "TB_TYPE": "",
    "P_OILBOT": 0,
    "P_OILTOP": 0,
    "P_HEIGHT": 0,
    "ESI": "6B",
    "ZONE_CAT": "NOO",
    "SURV_ID": "TXDEMO-00220171207",
    "SEG_ID": "TXDEMO-002"
  },
  {
    "ZONE_ID": "TXDEMO-00320171207A",
    "ZONE_TIDAL": "",
    "START_LAT": 29.370685577392578,
    "START_LON": -94.75023651123047,
    "END_LAT": 29.368144989013672,
    "END_LON": -94.74739837646484,
    "WIDTH": 0,
    "SO_DIST": 0,
    "SO_THICK": "",
    "SO_CHAR": "NOO",
    "SUBSTR": "S",
    "TB_CNT": 0,
    "TB_AREA": 0,
    "TB_ARUNIT": "",
    "TB_AVSIZE": 0,
    "TB_TYPE": "",
    "P_OILBOT": 0,
    "P_OILTOP": 0,
    "P_HEIGHT": 0,
    "ESI": "6B",
    "ZONE_CAT": "NOO",
    "SURV_ID": "TXDEMO-00320171207",
    "SEG_ID": "TXDEMO-003"
  },
  {
    "ZONE_ID": "TXDEMO-00420171207B",
    "ZONE_TIDAL": "MI/UI",
    "START_LAT": 29.36684226989746,
    "START_LON": -94.73323059082031,
    "END_LAT": 29.365549087524414,
    "END_LON": -94.736083984375,
    "WIDTH": 3,
    "SO_DIST": 50,
    "SO_THICK": "CV",
    "SO_CHAR": "FR",
    "SUBSTR": "S",
    "TB_CNT": 0,
    "TB_AREA": 0,
    "TB_ARUNIT": "",
    "TB_AVSIZE": 0,
    "TB_TYPE": "",
    "P_OILBOT": 0,
    "P_OILTOP": 0,
    "P_HEIGHT": 0,
    "ESI": "10A",
    "ZONE_CAT": "Heavy",
    "SURV_ID": "TXDEMO-00420171207",
    "SEG_ID": "TXDEMO-004"
  },
  {
    "ZONE_ID": "TXDEMO-00420171207C",
    "ZONE_TIDAL": "MI/UI",
    "START_LAT": 29.365549087524414,
    "START_LON": -94.736083984375,
    "END_LAT": 29.37035369873047,
    "END_LON": -94.7408218383789,
    "WIDTH": 1,
    "SO_DIST": 10,
    "SO_THICK": "ST",
    "SO_CHAR": "TC",
    "SUBSTR": "V",
    "TB_CNT": 0,
    "TB_AREA": 0,
    "TB_ARUNIT": "",
    "TB_AVSIZE": 0,
    "TB_TYPE": "",
    "P_OILBOT": 15,
    "P_OILTOP": 25,
    "P_HEIGHT": 130,
    "ESI": "10A",
    "ZONE_CAT": "Light",
    "SURV_ID": "TXDEMO-00420171207",
    "SEG_ID": "TXDEMO-004"
  },
  {
    "ZONE_ID": "TXDEMO-00420171207A",
    "ZONE_TIDAL": "",
    "START_LAT": 29.367212295532227,
    "START_LON": -94.73857116699219,
    "END_LAT": 29.36955451965332,
    "END_LON": -94.73985290527344,
    "WIDTH": 0,
    "SO_DIST": 0,
    "SO_THICK": "",
    "SO_CHAR": "NOO",
    "SUBSTR": "B",
    "TB_CNT": 0,
    "TB_AREA": 0,
    "TB_ARUNIT": "",
    "TB_AVSIZE": 0,
    "TB_TYPE": "",
    "P_OILBOT": 0,
    "P_OILTOP": 0,
    "P_HEIGHT": 0,
    "ESI": "10A",
    "ZONE_CAT": "NOO",
    "SURV_ID": "TXDEMO-00420171207",
    "SEG_ID": "TXDEMO-004"
  },
  {
    "ZONE_ID": "TXDEMO-00520171207B",
    "ZONE_TIDAL": "LI/MI/UI",
    "START_LAT": 29.36684226989746,
    "START_LON": -94.73323059082031,
    "END_LAT": 29.37103271484375,
    "END_LON": -94.72893524169922,
    "WIDTH": 15,
    "SO_DIST": 8,
    "SO_THICK": "CT",
    "SO_CHAR": "PT",
    "SUBSTR": "S",
    "TB_CNT": 0,
    "TB_AREA": 0,
    "TB_ARUNIT": "",
    "TB_AVSIZE": 3,
    "TB_TYPE": "F",
    "P_OILBOT": 0,
    "P_OILTOP": 0,
    "P_HEIGHT": 0,
    "ESI": "3A",
    "ZONE_CAT": "Light",
    "SURV_ID": "TXDEMO-00520171207",
    "SEG_ID": "TXDEMO-005"
  },
  {
    "ZONE_ID": "TXDEMO-00520171207C",
    "ZONE_TIDAL": "LI/MI/UI",
    "START_LAT": 29.37103271484375,
    "START_LON": -94.72893524169922,
    "END_LAT": 29.374523162841797,
    "END_LON": -94.72695922851562,
    "WIDTH": 15,
    "SO_DIST": 20,
    "SO_THICK": "CT",
    "SO_CHAR": "FR",
    "SUBSTR": "S",
    "TB_CNT": 0,
    "TB_AREA": 0,
    "TB_ARUNIT": "",
    "TB_AVSIZE": 0,
    "TB_TYPE": "",
    "P_OILBOT": 0,
    "P_OILTOP": 0,
    "P_HEIGHT": 0,
    "ESI": "3A",
    "ZONE_CAT": "Moderate",
    "SURV_ID": "TXDEMO-00520171207",
    "SEG_ID": "TXDEMO-005"
  },
  {
    "ZONE_ID": "TXDEMO-00520171207D",
    "ZONE_TIDAL": "MI",
    "START_LAT": 29.374523162841797,
    "START_LON": -94.72695922851562,
    "END_LAT": 29.375530242919922,
    "END_LON": -94.72647094726562,
    "WIDTH": 5,
    "SO_DIST": 3,
    "SO_THICK": "CT",
    "SO_CHAR": "FR",
    "SUBSTR": "S",
    "TB_CNT": 0,
    "TB_AREA": 0,
    "TB_ARUNIT": "",
    "TB_AVSIZE": 0,
    "TB_TYPE": "",
    "P_OILBOT": 0,
    "P_OILTOP": 0,
    "P_HEIGHT": 0,
    "ESI": "3A",
    "ZONE_CAT": "Light",
    "SURV_ID": "TXDEMO-00520171207",
    "SEG_ID": "TXDEMO-005"
  },
  {
    "ZONE_ID": "TXDEMO-00520171207A",
    "ZONE_TIDAL": "",
    "START_LAT": 29.375530242919922,
    "START_LON": -94.72647094726562,
    "END_LAT": 29.37897300720215,
    "END_LON": -94.72454071044922,
    "WIDTH": 0,
    "SO_DIST": 0,
    "SO_THICK": "",
    "SO_CHAR": "NOO",
    "SUBSTR": "S",
    "TB_CNT": 0,
    "TB_AREA": 0,
    "TB_ARUNIT": "",
    "TB_AVSIZE": 0,
    "TB_TYPE": "",
    "P_OILBOT": 0,
    "P_OILTOP": 0,
    "P_HEIGHT": 0,
    "ESI": "3A",
    "ZONE_CAT": "NOO",
    "SURV_ID": "TXDEMO-00520171207",
    "SEG_ID": "TXDEMO-005"
  },
  {
    "ZONE_ID": "TXDEMO-00620171207A",
    "ZONE_TIDAL": "",
    "START_LAT": 29.332120895385742,
    "START_LON": -94.72930908203125,
    "END_LAT": 29.3369140625,
    "END_LON": -94.73381042480469,
    "WIDTH": 0,
    "SO_DIST": 0,
    "SO_THICK": "",
    "SO_CHAR": "NOO",
    "SUBSTR": "S",
    "TB_CNT": 0,
    "TB_AREA": 0,
    "TB_ARUNIT": "",
    "TB_AVSIZE": 0,
    "TB_TYPE": "",
    "P_OILBOT": 0,
    "P_OILTOP": 0,
    "P_HEIGHT": 0,
    "ESI": "3A",
    "ZONE_CAT": "NOO",
    "SURV_ID": "TXDEMO-00620171207",
    "SEG_ID": "TXDEMO-006"
  },
  {
    "ZONE_ID": "TXDEMO-00620171207B",
    "ZONE_TIDAL": "",
    "START_LAT": 29.335311889648438,
    "START_LON": -94.73943328857422,
    "END_LAT": 29.333799362182617,
    "END_LON": -94.74285125732422,
    "WIDTH": 0,
    "SO_DIST": 0,
    "SO_THICK": "",
    "SO_CHAR": "NOO",
    "SUBSTR": "S",
    "TB_CNT": 0,
    "TB_AREA": 0,
    "TB_ARUNIT": "",
    "TB_AVSIZE": 0,
    "TB_TYPE": "",
    "P_OILBOT": 0,
    "P_OILTOP": 0,
    "P_HEIGHT": 0,
    "ESI": "3A",
    "ZONE_CAT": "NOO",
    "SURV_ID": "TXDEMO-00620171207",
    "SEG_ID": "TXDEMO-006"
  },
  {
    "ZONE_ID": "TXDEMO-00720171207A",
    "ZONE_TIDAL": "",
    "START_LAT": 29.333799362182617,
    "START_LON": -94.74285125732422,
    "END_LAT": 29.335126876831055,
    "END_LON": -94.77084350585938,
    "WIDTH": 0,
    "SO_DIST": 0,
    "SO_THICK": "",
    "SO_CHAR": "NOO",
    "SUBSTR": "S",
    "TB_CNT": 0,
    "TB_AREA": 0,
    "TB_ARUNIT": "",
    "TB_AVSIZE": 0,
    "TB_TYPE": "",
    "P_OILBOT": 0,
    "P_OILTOP": 0,
    "P_HEIGHT": 0,
    "ESI": "3A",
    "ZONE_CAT": "NOO",
    "SURV_ID": "TXDEMO-00720171207",
    "SEG_ID": "TXDEMO-007"
  },
  {
    "ZONE_ID": "TXDEMO-00820171207A",
    "ZONE_TIDAL": "",
    "START_LAT": 29.369476318359375,
    "START_LON": -94.75111389160156,
    "END_LAT": 29.366287231445312,
    "END_LON": -94.75391387939453,
    "WIDTH": 0,
    "SO_DIST": 0,
    "SO_THICK": "",
    "SO_CHAR": "NOO",
    "SUBSTR": "S",
    "TB_CNT": 0,
    "TB_AREA": 0,
    "TB_ARUNIT": "",
    "TB_AVSIZE": 0,
    "TB_TYPE": "",
    "P_OILBOT": 0,
    "P_OILTOP": 0,
    "P_HEIGHT": 0,
    "ESI": 5,
    "ZONE_CAT": "NOO",
    "SURV_ID": "TXDEMO-00820171207",
    "SEG_ID": "TXDEMO-008"
  },
  {
    "ZONE_ID": "TXDEMO-00920171207A",
    "ZONE_TIDAL": "",
    "START_LAT": 29.365755081176758,
    "START_LON": -94.76359558105469,
    "END_LAT": 29.364688873291016,
    "END_LON": -94.77010345458984,
    "WIDTH": 0,
    "SO_DIST": 0,
    "SO_THICK": "",
    "SO_CHAR": "NOO",
    "SUBSTR": "B",
    "TB_CNT": 0,
    "TB_AREA": 0,
    "TB_ARUNIT": "",
    "TB_AVSIZE": 0,
    "TB_TYPE": "",
    "P_OILBOT": 0,
    "P_OILTOP": 0,
    "P_HEIGHT": 0,
    "ESI": "10A",
    "ZONE_CAT": "NOO",
    "SURV_ID": "TXDEMO-00920171207",
    "SEG_ID": "TXDEMO-009"
  },
  {
    "ZONE_ID": "TXDEMO-01020171207A",
    "ZONE_TIDAL": "",
    "START_LAT": 29.335126876831055,
    "START_LON": -94.77084350585938,
    "END_LAT": 29.334999084472656,
    "END_LON": -94.7799301147461,
    "WIDTH": 0,
    "SO_DIST": 0,
    "SO_THICK": "",
    "SO_CHAR": "NOO",
    "SUBSTR": "S",
    "TB_CNT": 0,
    "TB_AREA": 0,
    "TB_ARUNIT": "",
    "TB_AVSIZE": 0,
    "TB_TYPE": "",
    "P_OILBOT": 0,
    "P_OILTOP": 0,
    "P_HEIGHT": 0,
    "ESI": "6B",
    "ZONE_CAT": "NOO",
    "SURV_ID": "TXDEMO-01020171207",
    "SEG_ID": "TXDEMO-010"
  },
  {
    "ZONE_ID": "TXDEMO-00120171208A",
    "ZONE_TIDAL": "",
    "START_LAT": 29.33038902282715,
    "START_LON": -94.72882843017578,
    "END_LAT": 29.32681655883789,
    "END_LON": -94.73438262939453,
    "WIDTH": 0,
    "SO_DIST": 0,
    "SO_THICK": "",
    "SO_CHAR": "NOO",
    "SUBSTR": "S",
    "TB_CNT": 0,
    "TB_AREA": 0,
    "TB_ARUNIT": "",
    "TB_AVSIZE": 0,
    "TB_TYPE": "",
    "P_OILBOT": 0,
    "P_OILTOP": 0,
    "P_HEIGHT": 0,
    "ESI": "3A",
    "ZONE_CAT": "NOO",
    "SURV_ID": "TXDEMO-00120171208",
    "SEG_ID": "TXDEMO-001"
  },
  {
    "ZONE_ID": "TXDEMO-00420171208B",
    "ZONE_TIDAL": "MI",
    "START_LAT": 29.36684226989746,
    "START_LON": -94.73323059082031,
    "END_LAT": 29.365549087524414,
    "END_LON": -94.736083984375,
    "WIDTH": 2,
    "SO_DIST": 15,
    "SO_THICK": "ST",
    "SO_CHAR": "FR",
    "SUBSTR": "V",
    "TB_CNT": 0,
    "TB_AREA": 0,
    "TB_ARUNIT": "",
    "TB_AVSIZE": 0,
    "TB_TYPE": "",
    "P_OILBOT": 10,
    "P_OILTOP": 15,
    "P_HEIGHT": 100,
    "ESI": "10A",
    "ZONE_CAT": "Light",
    "SURV_ID": "TXDEMO-00420171208",
    "SEG_ID": "TXDEMO-004"
  },
  {
    "ZONE_ID": "TXDEMO-00420171208A",
    "ZONE_TIDAL": "",
    "START_LAT": 29.365549087524414,
    "START_LON": -94.736083984375,
    "END_LAT": 29.369403839111328,
    "END_LON": -94.7406234741211,
    "WIDTH": 0,
    "SO_DIST": 0,
    "SO_THICK": "",
    "SO_CHAR": "NOO",
    "SUBSTR": "B",
    "TB_CNT": 0,
    "TB_AREA": 0,
    "TB_ARUNIT": "",
    "TB_AVSIZE": 0,
    "TB_TYPE": "",
    "P_OILBOT": 0,
    "P_OILTOP": 0,
    "P_HEIGHT": 0,
    "ESI": "10A",
    "ZONE_CAT": "NOO",
    "SURV_ID": "TXDEMO-00420171208",
    "SEG_ID": "TXDEMO-004"
  }
]